Primary Key,Website,City,State,Zip Code,General Admission,Senior,Student,Children,,
Birmingham Museum of Art,artsbma.org,Birmingham,Alabama,35203,$0.00 ,$0.00 ,$0.00 ,$0.00 ,,
 Huntsville Museum of Art,hsvmuseum.org,Huntsville,Alabama,35801,$10.00 ,$8.00 ,$5.00 ,$0.00 ,,
 Mobile Museum of Art,mobilemuseumofart.com,Mobile,Alabama,36608,$12.00 ,$10.00 ,$8.00 ,$0.00 ,,
 Montgomery Museum of Fine Arts,mmfa.org,Montgomery,Alabama,36117,$0.00 ,$0.00 ,$0.00 ,$0.00 ,,
 Anchorage Museum of Art and History,anchoragemuseum.org,Anchorage,Alaska,99501,$18.00 ,$15.00 ,$9.00 ,$0.00 ,,
 Phoenix Art Museum,phxart.org,Phoenix,Arizona,85004,$23.00 ,$20.00 ,$18.00 ,$14.00 ,,
 ASU Art Museum,asuartmuseum.asu.edu,Tempe,Arizona,85281,$0.00 ,$0.00 ,$0.00 ,$0.00 ,,
 Tucson Museum of Art,tucsonmuseumofart.org,Tucson,Arizona,85701,$12.00 ,$10.00 ,$7.00 ,$0.00 ,,
 Crystal Bridges Museum of American Art,crystalbridges.org,Bentonville,Arkansas,72701,$0.00 ,$0.00 ,$0.00 ,$0.00 ,,
 Arkansas Arts Center,arkansasartscenter.org,Little Rock,Arkansas,72202,,,,,,
 J. Paul Getty Museum,getty.edu/museum,Los Angeles,California,90049,$0.00 ,$0.00 ,$0.00 ,$0.00 ,,
 Hammer Museum,hammer.ucla.edu,Los Angeles,California,90024,$0.00 ,$0.00 ,$0.00 ,$0.00 ,,
 Los Angeles County Museum of Art,lacma.org,Los Angeles,California,90036,$25.00 ,,,$0.00 ,,
" Museum of Contemporary Art, Los Angeles",moca.org,Los Angeles,California,90012,$15.00 ,,,$0.00 ,,
 The Broad,thebroad.org,Los Angeles,California,90012,$25.00 ,,,,,
 Palm Springs Art Museum,psmuseum.org,Palm Springs,California,92262,$15.00 ,,,,,
 Norton Simon Museum,nortonsimon.org,Pasadena,California,91108,$15.00 ,,,,,
USC Pacific Asia Museum,pacificasiamuseum.usc.edu,Pasadena,California,91101,$10.00 ,,,,,
 Crocker Art Museum,crockerart.org,Sacramento,California,95814,$12.00 ,,,,,
 Mingei International Museum,mingei.org,San Diego,California,92101,$10.00 ,,,,,
Museum of Contemporary Art San Diego,mcasd.org,San Diego,California,92101,$10.00 ,,,,,
San Diego Museum of Art,sdma.org,San Diego,California,92101,$20.00 ,,,,,
Timken Museum of Art,timkenmuseum.org,San Diego,California,92103,$0.00 ,,,,,
 Huntington Library,huntington.org,San Marino,California,91108,$25.00 ,,,,,
 San Francisco Museum of Modern Art,sfmoma.org,San Francisco,California,94103,$25.00 ,,,,,
California Palace of the Legion of Honor,legionofhonor.famsf.org,San Francisco,California,94121,$15.00 ,,,,,
M. H. de Young Memorial Museum,deyoung.famsf.org,San Francisco,California,94118,$20.00 ,,,,,
Asian Art Museum of San Francisco,asianart.org,San Francisco,California,94102,$25.00 ,,,,,
Exploratorium,exploratorium.edu,San Francisco,California,94111,$35.00 ,,,,,
 Santa Barbara Museum of Art,sbma.net,Santa Barbara,California,93101,$15.00 ,,,,,
 Santa Monica Art Museum,santamonicaartmuseum.com,Santa Monica,California,90401,$12.00 ,,,,,
 Iris & B. Gerald Cantor Center for Visual Arts,museum.stanford.edu,Stanford,California,94305,$0.00 ,,,,,
 Aspen Art Museum,aspenartmuseum.org,Aspen,Colorado,81611,$0.00 ,,,,,
American Museum of Western Art,anschutzcollection.org,Denver,Colorado,80204,,,,,,
Clyfford Still Museum,clyffordstillmuseum.org,Denver,Colorado,80204,$15.00 ,,,,,
Denver Art Museum,denverartmuseum.org,Denver,Colorado,80204,$20.00 ,,,,,
Denver Public Library,denverlibrary.org,Denver,Colorado,80204,$0.00 ,,,,,
 Hill-Stead Museum,hillstead.org,Farmington,Connecticut,06070,$15.00 ,,,,,
 Wadsworth Atheneum,thewadsworth.org,Hartford,Connecticut,06103,$15.00 ,,,,,
 New Britain Museum of American Art,nbmaa.org,New Britain,Connecticut,06052,$15.00 ,,,,,
 Yale Center for British Art,britishart.yale.edu,New Haven,Connecticut,06520,$0.00 ,,,,,
Yale University Art Gallery,artgallery.yale.edu,New Haven,Connecticut,06520,$0.00 ,,,,,
 Florence Griswold Museum,florencegriswoldmuseum.org,Old Lyme,Connecticut,06371,$15.00 ,,,,,
 Biggs Museum of American Art,biggsmuseum.org,Dover,Delaware,19901,$10.00 ,,,,,
 Henry Francis du Pont Winterthur Museum,winterthur.org,Greenville,Delaware,19735,$25.00 ,,,,,
 Delaware Art Museum,delart.org,Wilmington,Delaware,19806,$15.00 ,,,,,
Delaware Center for the Contemporary Arts,thedcca.org,Wilmington,Delaware,19801,$10.00 ,,,,,
 Boca Raton Museum of Art,bocamuseum.org,Boca Raton,Florida,33432,$12.00 ,,,,,
 Samuel P. Harn Museum of Art at the University of Florida,harn.ufl.edu,Gainesville,Florida,32611,$0.00 ,,,,,
 Museum of Contemporary Art Jacksonville,mocajacksonville.unf.edu,Jacksonville,Florida,32202,$10.00 ,,,,,
 Polk Museum of Art,polkmuseumofart.org,Lakeland,Florida,33801,$10.00 ,,,,,
 Bass Museum,thebass.org,Miami,Florida,33139,$15.00 ,,,,,
Patricia & Phillip Frost Art Museum,frost.fiu.edu,Miami,Florida,33199,$0.00 ,,,,,
Lowe Art Museum,lowe.miami.edu,Miami,Florida,33124,$12.00 ,,,,,
Pérez Art Museum Miami,pamm.org,Miami,Florida,33132,$16.00 ,,,,,
"Institute of Contemporary Art, Miami",icamiami.org,Miami,Florida,33137,$15.00 ,,,,,
Museum of Contemporary Art North Miami,mocanomi.org,Miami,Florida,33161,$10.00 ,,,,,
Wolfsonian-FIU Museum,wolfsonian.org,Miami,Florida,33139,$12.00 ,,,,,
 Naples Museum of Art,artisnaples.org,Naples,Florida,34108,$15.00 ,,,,,
 Appleton Museum of Art,appletonmuseum.org,Ocala,Florida,34474,$10.00 ,,,,,
 Orlando Museum of Art,omart.org,Orlando,Florida,32803,$15.00 ,,,,,
 Ringling Museum of Art,ringling.org,Sarasota,Florida,34243,$25.00 ,,,,,
 Salvador Dalí Museum,thedali.org,St. Petersburg,Florida,33701,$25.00 ,,,,,
 Norton Museum of Art,norton.org,West Palm Beach,Florida,33401,$18.00 ,,,,,
 Charles Hosmer Morse Museum of American Art,morsemuseum.org,Winter Park,Florida,32789,$6.00 ,,,,,
 Georgia Museum of Art,georgiamuseum.org,Athens,Georgia,30602,$0.00 ,,,,,
 Michael C. Carlos Museum,carlos.emory.edu,Atlanta,Georgia,30322,$8.00 ,,,,,
High Museum of Art,high.org,Atlanta,Georgia,30309,$25.00 ,,,,,
 Telfair Museum of Art,telfair.org,Savannah,Georgia,31401,$20.00 ,,,,,
 Hawaii State Art Museum,sfca.hawaii.gov/hisam,Honolulu,Hawaii,96813,$0.00 ,,,,,
Honolulu Museum of Art,honolulumuseum.org,Honolulu,Hawaii,96814,$20.00 ,,,,,
John Young Museum of Art,STILL TRYING TO FIND INFO,Honolulu,Hawaii,96822,$0.00 ,,,,,
 Boise Art Museum,boiseartmuseum.org,Boise,Idaho,83702,$10.00 ,,,,,
 Art Museum of Eastern Idaho,theartmuseum.org,Idaho Falls,Idaho,83402,$5.00 ,,,,,
 Krannert Art Museum,kam.illinois.edu,Champaign,Illinois,61801,$0.00 ,,,,,
 Art Institute of Chicago,artic.edu,Chicago,Illinois,60603,$35.00 ,,,,,
Museum of Contemporary Art,mcachicago.org,Chicago,Illinois,60611,$15.00 ,,,,,
National Museum of Mexican Art,nationalmuseumofmexicanart.org,Chicago,Illinois,60608,$0.00 ,,,,,
National Museum of Puerto Rican Arts and Culture,nmprac.org,Chicago,Illinois,60622,$0.00 ,,,,,
Oriental Institute,oi.uchicago.edu,Chicago,Illinois,60637,$10.00 ,,,,,
National Veterans Art Museum,nvam.org,Chicago,Illinois,60622,$10.00 ,,,,,
Smart Museum of Art,smartmuseum.uchicago.edu,Chicago,Illinois,60637,$0.00 ,,,,,
Ukrainian Institute of Modern Art,uima-chicago.org,Chicago,Illinois,60622,$10.00 ,,,,,
 Mary and Leigh Block Museum of Art,blockmuseum.northwestern.edu,Evanston,Illinois,60208,$0.00 ,,,,,
 Peoria Riverfront Museum,peoriariverfrontmuseum.org,Peoria,Illinois,61602,$12.00 ,,,,,
 Illinois State Museum,illinoisstatemuseum.org,Springfield,Illinois,62703,$5.00 ,,,,,
" Sidney and Lois Eskenazi Museum of Art, Indiana University",artmuseum.indiana.edu,Bloomington,Indiana,47405,$0.00 ,,,,,
 Indianapolis Museum of Art,discovernewfields.org,Indianapolis,Indiana,46208,$18.00 ,,,,,
Eiteljorg Museum of American Indians and Western Art,eiteljorg.org,Indianapolis,Indiana,46204,$15.00 ,,,,,
" David Owsley Museum of Art, Ball State University",bsu.edu/artmuseum,Muncie,Indiana,47306,$0.00 ,,,,,
 Snite Museum of Art,sniteartmuseum.nd.edu,Notre Dame,Indiana,46556,$0.00 ,,,,,
 Sheldon Swope Art Museum,swope.org,Terre Haute,Indiana,47807,$5.00 ,,,,,
 Figge Art Museum,figgeartmuseum.org,Davenport,Iowa,52801,$12.00 ,,,,,
 Des Moines Art Center,desmoinesartcenter.org,Des Moines,Iowa,50312,$10.00 ,,,,,
Stanley Museum of Art,stanleymuseum.uiowa.edu,Iowa City,Iowa,52242,$0.00 ,,,,,
 Spencer Museum of Art,spencerart.ku.edu,Lawrence,Kansas,66045,$0.00 ,,,,,
 Birger Sandzén Memorial Gallery,sandzen.org,Lindsborg,Kansas,67410,$5.00 ,,,,,
 Marianna Kistler Beach Museum of Art,beach.k-state.edu,Manhattan,Kansas,66506,$0.00 ,,,,,
 Nerman Museum of Contemporary Art,nermanmuseum.org,Overland Park,Kansas,66210,$0.00 ,,,,,
 Wichita Art Museum,wichitaartmuseum.org,Wichita,Kansas,67203,$10.00 ,,,,,
 Speed Art Museum,speedmuseum.org,Louisville,Kentucky,40208,,,,,,
 Owensboro Museum of Fine Art,omfa.us,Owensboro,Kentucky,42303,,,,,,
LSU Museum of Art,www.lsumoa.org,Baton Rouge,Louisiana,70803,,,,,,
 Ogden Museum of Southern Art,ogdenmuseum.org,New Orleans,Louisiana,70130,,,,,,
New Orleans Museum of Art,noma.org,New Orleans,Louisiana,70124,,,,,,
 Paul and Lulu Hilliard University Art Museum,hilliardmuseum.org,Lafayette,Louisiana,70503,,,,,,
 Bowdoin College Museum of Art,bowdoin.edu/art-museum,Brunswick,Maine,04011,,,,,,
 Portland Museum of Art,portlandmuseum.org,Portland,Maine,04101,,,,,,
 Ogunquit Museum of American Art,ogunquitmuseum.org,Ogunquit,Maine,03907,,,,,,
 Farnsworth Art Museum,farnsworthmuseum.org,Rockland,Maine,04841,,,,,,
Center for Maine Contemporary Art,cmcanow.org,Rockland,Maine,04841,,,,,,
 Colby College Museum of Art,colby.edu/museum,Waterville,Maine,04901,,,,,,
 American Visionary Art Museum,avam.org,Baltimore,Maryland,21230,,,,,,
Baltimore Museum of Art,artbma.org,Baltimore,Maryland,21218,,,,,,
Walters Art Museum,thewalters.org,Baltimore,Maryland,21201,,,,,,
 Mead Art Museum,museums.fivecolleges.edu/mead,Amherst,Massachusetts,01002,,,,,,
University Museum of Contemporary Art,umass.edu/umca,Amherst,Massachusetts,01003,,,,,,
Eric Carle Museum of Picture Book Art,carlemuseum.org,Amherst,Massachusetts,01060,,,,,,
 Addison Gallery of American Art,addison.andover.edu,Andover,Massachusetts,01810,,,,,,
 Boston Museum of Fine Arts,mfa.org,Boston,Massachusetts,02115,,,,,,
Isabella Stewart Gardner Museum,gardnermuseum.org,Boston,Massachusetts,02115,,,,,,
"Institute of Contemporary Art, Boston",icaboston.org,Boston,Massachusetts,02210,,,,,,
McMullen Museum of Art,bc.edu/sites/artmuseum,Boston,Massachusetts,02467,,,,,,
Museum of Bad Art,museumofbadart.org,Boston,Massachusetts,02144,,,,,,
 Fuller Craft Museum,fullercraft.org,Brockton,Massachusetts,02324,,,,,,
 Harvard Art Museums,harvardartmuseums.org,Cambridge,Massachusetts,02138,,,,,,
List Visual Arts Center,listart.mit.edu,Cambridge,Massachusetts,02139,,,,,,
Peabody Museum of Archaeology and Ethnology,peabody.harvard.edu,Cambridge,Massachusetts,02138,,,,,,
 Museum of Russian Icons,museumofrussianicons.org,Clinton,Massachusetts,01545,,,,,,
 Cape Cod Museum of Art,ccmoa.org,Dennis,Massachusetts,02633,,,,,,
 Art Complex Museum,artcomplex.org,Duxbury,Massachusetts,02445,,,,,,
 Fitchburg Art Museum,fitchburgartmuseum.org,Fitchburg,Massachusetts,01420,,,,,,
 Danforth Museum,danforth.framingham.edu,Framingham,Massachusetts,01701,,,,,,
 Cape Ann Museum,capeannmuseum.org,Gloucester,Massachusetts,01930,,,,,,
 Fruitlands Museum,thetrustees.org/place/fruitlands,Harvard,Massachusetts,01451,,,,,,
 Frelinghuysen Morris House and Studio,frelinghuysen.org,Lenox,Massachusetts,01262,,,,,,
 DeCordova Museum and Sculpture Park,thetrustees.org/place/decordova,Lincoln,Massachusetts,01742,,,,,,
 Massachusetts Museum of Contemporary Art,massmoca.org,North Adams,Massachusetts,01247,,,,,,
 Smith College Museum of Art,smith.edu/artmuseum,Northampton,Massachusetts,01063,,,,,,
 Provincetown Art Association and Museum,paam.org,Provincetown,Massachusetts,02657,,,,,,
 Peabody Essex Museum,pem.org,Salem,Massachusetts,01970,,,,,,
 Mount Holyoke College Art Museum,artmuseum.mtholyoke.edu,South Hadley,Massachusetts,01075,,,,,,
 George Walter Vincent Smith Art Museum,springfieldmuseums.org/about/smith-art-museum,Springfield,Massachusetts,01105,,,,,,
Michele & Donald D’Amour Museum of Fine Arts,springfieldmuseums.org,Springfield,Massachusetts,01105,,,,,,
" Chesterwood, Norman Rockwell Museum",chesterwood.org,Stockbridge,Massachusetts,01262,,,,,,
Norman Rockwell Museum,nrm.org,Stockbridge,Massachusetts,01262,,,,,,
 Rose Art Museum,brandeis.edu/rose,Waltham,Massachusetts,02453,,,,,,
 Davis Museum and Cultural Center,wellesley.edu/davismuseum,Wellesley,Massachusetts,02481,,,,,,
 Turn Park Art Space,turnpark.com,West Stockbridge,Massachusetts,01238,,,,,,
 Clark Art Institute,clarkart.edu,Williamstown,Massachusetts,01267,,,,,,
Williams College Museum of Art,wcma.williams.edu,Williamstown,Massachusetts,01267,,,,,,
 Worcester Art Museum,worcesterart.org,Worcester,Massachusetts,01609,,,,,,
 University of Michigan Museum of Art,umma.umich.edu,Ann Arbor,Michigan,48109,,,,,,
 Detroit Institute of Arts,dia.org,Detroit,Michigan,48202,,,,,,
 Grand Rapids Art Museum,artmuseumgr.org,Grand Rapids,Michigan,49503,,,,,,
 Minneapolis Institute of Art,artsmia.org,Minneapolis,Minnesota,55404,,,,,,
Walker Art Center,walkerart.org,Minneapolis,Minnesota,55403,,,,,,
The Museum of Russian Art,tmora.org,Minneapolis,Minnesota,55408,,,,,,
 Mississippi Museum of Art,msmuseumart.org,Jackson,Mississippi,39202,,,,,,
 Ohr-O'Keefe Museum of Art,georgeohr.org,Biloxi,Mississippi,39530,,,,,,
 Lauren Rogers Museum of Art,lrma.org,Laurel,Mississippi,39401,,,,,,
 Saint Louis Art Museum,slam.org,St. Louis,Missouri,63110,,,,,,
 Nelson-Atkins Museum of Art,nelson-atkins.org,Kansas City,Missouri,64111,,,,,,
Kemper Museum of Contemporary Art,kemperart.org,Kansas City,Missouri,64111,,,,,,
 Yellowstone Art Museum,artmuseum.org,Billings,Montana,59101,,,,,,
 Holter Museum of Art,holtermuseum.org,Helena,Montana,59601,,,,,,
 Missoula Art Museum,missoulaartmuseum.org,Missoula,Montana,59801,,,,,,
 Museum of Nebraska Art,mona.unk.edu,Kearney,Nebraska,68801,,,,,,
 Sheldon Museum of Art,sheldonartmuseum.org,Lincoln,Nebraska,68508,,,,,,
 Joslyn Art Museum,joslyn.org,Omaha,Nebraska,68106,,,,,,
 Heritage Glass Museum,heritageglassmuseum.com,Glassboro,New Jersey,11772,,,,,,
 Mana Contemporary,manacontemporary.com,Jersey City,New Jersey,07306,,,,,,
Museum of International Art,moramuseum.org,Jersey City,New Jersey,10128,,,,,,
 Montclair Art Museum,montclairartmuseum.org,Montclair,New Jersey,07042,,,,,,
 Newark Museum of Art,newarkmuseumart.org,Newark,New Jersey,07102,,,,,,
 Zimmerli Art Museum,zimmerlimuseum.rutgers.edu,New Brunswick,New Jersey,08901,,,,,,
 Princeton University Art Museum,artmuseum.princeton.edu,Princeton,New Jersey,08544,,,,,,
 Hood Museum of Art,hoodmuseum.dartmouth.edu,Hanover,New Hampshire,03755,,,,,,
 Currier Museum of Art,currier.org,Manchester,New Hampshire,03104,,,,,,
 New Mexico Museum of Art,nmartmuseum.org,Santa Fe,New Mexico,87501,,,,,,
Museum of International Folk Art,internationalfolkart.org,Santa Fe,New Mexico,87501,,,,,,????
SITE Santa Fe,sitesantafe.org,Santa Fe,New Mexico,87501,,,,,,
IAIA Museum of Contemporary Native Arts,iaia.edu/mocna,Santa Fe,New Mexico,87501,,,,,,
Museum of Indian Arts and Culture,miaclab.org,Santa Fe,New Mexico,87501,,,,,,
Georgia O'Keefe Museum,okeeffemuseum.org,Santa Fe,New Mexico,87501,,,,,,
 Museum of Spanish Colonial Art,spanishcolonial.org,Santa Fe,New Mexico,87501,,,,,,
 Taos Art Museum,taosartmuseum.org,Taos,New Mexico,87571,,,,,,
Harwood Museum of Art,harwoodmuseum.org,Taos,New Mexico,87571,,,,,,
Millicent Rogers Museum,millicentrogers.org,Taos,New Mexico,87571,,,,,,
 Albany Institute of History & Art,albanyinstitute.org,Albany,New York,12210,,,,,,
 Dia Beacon,diaart.org/visit/visit/dia-beacon,Beacon,New York,12508,,,,,,
 Albright-Knox Art Gallery,albrightknox.org,Buffalo,New York,14222,,,,,,
 Arkell Museum,arkellmuseum.org,Canajoharie,New York,13326,,,,,,
 Fenimore Art Museum,fenimoreartmuseum.org,Cooperstown,New York,13326,,,,,,
 Corning Museum of Glass,cmog.org,Corning,New York,14830,,,,,,
Rockwell Museum,rockwellmuseum.org,Corning,New York,14810,,,,,,
 Arnot Art Museum,arnotartmuseum.org,Elmira,New York,14901,,,,,,
 Hyde Collection,hydecollection.org,Glens Falls,New York,12801,,,,,,
 Heckscher Museum of Art,heckscher.org,Huntington,New York,11743,,,,,,
 Herbert F. Johnson Museum of Art,museum.cornell.edu,Ithaca,New York,14853,,,,,,
 Storm King Art Center,stormking.org,Mountainville,New York,12553,,,,,,
 Guggenheim,guggenheim.org,New York,New York,10128,,,,,,
Metropolitan Museum of Art,metmuseum.org,New York,New York,10028,,,,,,
Museum of Modern Art (MoMA),moma.org,New York,New York,10019,,,,,,
Whitney Museum of American Art,whitney.org,New York,New York,10014,,,,,,
Brooklyn Museum,brooklynmuseum.org,New York,New York,11238,,,,,,
Frick Collection,frick.org,New York,New York,10021,,,,,,
The Morgan Library & Museum,themorgan.org,New York,New York,10016,,,,,,
The Cloisters,metmuseum.org/visit/met-cloisters,New York,New York,10040,,,,,,
Dahesh Museum of Art,daheshmuseum.org,New York,New York,10017,,,,,,
Asia Society,asiasociety.org,New York,New York,10021,,,,,,
Neue Galerie New York,neuegalerie.org,New York,New York,10128,,,,,,
Hispanic Society of America,hispanicsociety.org,New York,New York,10032,,,,,,
Museum of the City of New York,mcny.org,New York,New York,10029,,,,,,
Cooper-Hewitt Museum,cooperhewitt.org,New York,New York,10128,,,,,,
New Museum of Contemporary Art,newmuseum.org,New York,New York,10002,,,,,,
Rubin Museum of Art,rubinmuseum.org,New York,New York,10011,,,,,,
P.S.1 Contemporary Art Center,momaps1.org,New York,New York,11101,,,,,,
Jacques Marchais Museum of Tibetan Art,tibetanmuseum.org,New York,New York,10306,,,,,,
Dia Art Foundation,diaart.org,New York,New York,,,,,,,
Wallach Art Gallery,wallach.columbia.edu,New York,New York,10027,,,,,,
 Frances Lehman Loeb Art Center,fllac.vassar.edu,Poughkeepsie,New York,12604,,,,,,
 Memorial Art Gallery,mag.rochester.edu,Rochester,New York,14607,,,,,,
 Parrish Art Museum,parrishart.org,Southampton,New York,11976,,,,,,
 Everson Museum of Art,everson.org,Syracuse,New York,13202,,,,,,
 Munson-Williams-Proctor Arts Institute,mwpai.org,Utica,New York,13502,,,,,,
 Asheville Art Museum,ashevilleart.org,Asheville,North Carolina,28801,,,,,,
Folk Art Center,southernhighlandguild.org/folk-art-center,Asheville,North Carolina,28805,,,,,,
 Ackland Art Museum,ackland.org,Chapel Hill,North Carolina,27599,,,,,,
 Bechtler Museum of Modern Art,bechtler.org,Charlotte,North Carolina,28202,,,,,,
Mint Museum of Art,mintmuseum.org,Charlotte,North Carolina,28207,,,,,,
 Nasher Museum of Art,nasher.duke.edu,Durham,North Carolina,27705,,,,,,
 Weatherspoon Art Museum,weatherspoonart.org,Greensboro,North Carolina,27402,,,,,,
 North Carolina Museum of Art,ncartmuseum.org,Raleigh,North Carolina,27607,,,,,,
Contemporary Art Museum of Raleigh,camraleigh.org,Raleigh,North Carolina,27601,,,,,,
 Reynolda House Museum of American Art,reynoldahouse.org,Winston-Salem,North Carolina,27106,,,,,,
 Plains Art Museum,plainsart.org,Fargo,North Dakota,58102,,,,,,
 North Dakota Museum of Art,ndmoa.com,Grand Forks,North Dakota,58202,,,,,,
 Taube Museum of Art,taubemuseum.org,Minot,North Dakota,58701,,,,,,
 Akron Art Museum,akronartmuseum.org,Akron,Ohio,44308,,,,,,
 Cincinnati Art Museum,cincinnatiartmuseum.org,Cincinnati,Ohio,45202,,,,,,
Contemporary Arts Center,contemporaryartscenter.org,Cincinnati,Ohio,45202,,,,,,
Taft Museum of Art,taftmuseum.org,Cincinnati,Ohio,45202,,,,,,
 The Cleveland Museum of Art,clevelandart.org,Cleveland,Ohio,44106,,,,,,
 Columbus Museum of Art,columbusmuseum.org,Columbus,Ohio,43215,,,,,,
Wexner Center,wexarts.org,Columbus,Ohio,43210,,,,,,
 Allen Memorial Art Museum,oberlin.edu/amam,Oberlin,Ohio,44074,,,,,,
 Toledo Museum of Art,toledomuseum.org,Toledo,Ohio,43620,,,,,,
 The Butler Institute of American Art,butlerart.com,Youngstown,Ohio,44502,,,,,,
 Fred Jones Jr. Museum of Art,ou.edu/fjjma,Norman,Oklahoma,73019,,,,,,
 Oklahoma City Museum of Art,okcmoa.com,Oklahoma City,Oklahoma,73102,,,,,,
National Cowboy & Western Heritage Museum,nationalcowboymuseum.org,Oklahoma City,Oklahoma,73111,,,,,,
 Mabee-Gerrer Museum of Art,mgmoa.org,Shawnee,Oklahoma,74820,,,,,,
 Gilcrease Museum,gilcrease.org,Tulsa,Oklahoma,74127,,,,,,
Philbrook Museum of Art,philbrook.org,Tulsa,Oklahoma,74114,,,,,,
Sherwin Miller Museum of Jewish Art,jewishmuseum.net,Tulsa,Oklahoma,74136,,,,,,
 Jordan Schnitzer Museum of Art,jsma.uoregon.edu,Eugene,Oregon,97403,,,,,,
 Portland Art Museum,portlandartmuseum.org,Portland,Oregon,97205,,,,,,
 Hallie Ford Museum of Art,willamette.edu/arts/hfma,Salem,Oregon,97301,,,,,,
 Allentown Art Museum,allentownartmuseum.org,Allentown,Pennsylvania,18101,,,,,,
 Brandywine River Museum,brandywine.org/museum,Chadds Ford,Pennsylvania,19348,,,,,,
 Westmoreland Museum of American Art,thewestmoreland.org,Greensburg,Pennsylvania,15601,,,,,,
 Barnes Foundation,barnesfoundation.org,Philadelphia,Pennsylvania,19130,,,,,,
Pennsylvania Academy of Fine Arts,pafa.org,Philadelphia,Pennsylvania,19102,,,,,,
Philadelphia Museum of Art,philamuseum.org,Philadelphia,Pennsylvania,19130,,,,,,
Rodin Museum,rodinmuseum.org,Philadelphia,Pennsylvania,19130,,,,,,
University of Pennsylvania Museum of Archaeology and Anthropology,penn.museum,Philadelphia,Pennsylvania,19104,,,,,,
 The Andy Warhol Museum,warhol.org,Pittsburgh,Pennsylvania,15222,,,,,,
Carnegie Museum of Art,cmoa.org,Pittsburgh,Pennsylvania,15213,,,,,,
Frick Art & Historical Center,thefrickpittsburgh.org,Pittsburgh,Pennsylvania,15208,,,,,,
Mattress Factory,mattress.org,Pittsburgh,Pennsylvania,15212,,,,,,
Toonseum,toonseum.org,Pittsburgh,Pennsylvania,15222,,,,,,
Trundle Manor,trundlemanor.com,Pittsburgh,Pennsylvania,15212,,,,,,
 Ponce Museum of Art,museoarteponce.org,Ponce,Puerto Rico,00717,,,,,,
 Museum of Art of Puerto Rico,museoartepr.org,San Juan,Puerto Rico,00927,,,,,,
 Newport Art Museum,newportartmuseum.org,Newport,Rhode Island,02840,,,,,,
National Museum of American Illustration,americanillustration.org,Newport,Rhode Island,02840,,,,,,
 Rhode Island School of Design Museum,risdmuseum.org,Providence,Rhode Island,02903,,,,,,
 Gibbes Museum of Art,gibbesmuseum.org,Charleston,South Carolina,29401,,,,,,
 Bob Jones University Museum and Gallery,bjumg.org,Greenville,South Carolina,29614,,,,,,
Greenville County Museum of Art,gcma.org,Greenville,South Carolina,29601,,,,,,
 Columbia Museum of Art,columbiamuseum.org,Columbia,South Carolina,29201,,,,,,
 Hunter Museum of American Art,huntermuseum.org,Chattanooga,Tennessee,37403,,,,,,
 Knoxville Museum of Art,knoxart.org,Knoxville,Tennessee,37916,,,,,,
 Art Museum of the University of Memphis,memphis.edu/amum,Memphis,Tennessee,38152,,,,,,
Belz Museum of Asian and Judaic Art,belzmuseum.org,Memphis,Tennessee,38103,,,,,,
Dixon Gallery and Gardens,dixon.org,Memphis,Tennessee,38117,,,,,,
Memphis Brooks Museum of Art,brooksmuseum.org,Memphis,Tennessee,38103,,,,,,
 Frist Center for the Visual Arts,fristartmuseum.org,Nashville,Tennessee,37203,,,,,,
Cheekwood Museum of Art,cheekwood.org,Nashville,Tennessee,37205,,,,,,
Fisk University Galleries,fisk.edu/galleries,Nashville,Tennessee,37208,,,,,,
 The Grace Museum,thegracemuseum.org,Abilene,Texas,79601,,,,,,
 Amarillo Museum of Art,amarilloart.org,Amarillo,Texas,79101,,,,,,
The Contemorary Austin,thecontemporaryaustin.org,Austin,Texas,78701,,,,,,
Blanton Museum of Art,blantonmuseum.org,Austin,Texas,78712,,,,,,
Elisabet Ney Museum,elisabetneymuseum.org,Austin,Texas,78751,,,,,,
Harry Ransom Center,hrc.utexas.edu,Austin,Texas,78713,,,,,,
Mexic-Arte Museum,mexic-artemuseum.org,Austin,Texas,78701,,,,,,
 Art Museum of Southeast Texas,amset.org,Beaumont,Texas,77701,,,,,,
Dishman Art Museum,lamar.edu/dishman,Beaumont,Texas,77710,,,,,,
 The Pearce Collections at Navarro College,pearcecollections.us,Corsicana,Texas,75110,,,,,,
 Crow Collection of Asian Art,dma.org/crow-collection,Dallas,Texas,75201,,,,,,
Dallas Contemporary,dallascontemporary.org,Dallas,Texas,75226,,,,,,
Dallas Museum of Art,dma.org,Dallas,Texas,75201,,,,,,
Meadows Museum,meadowsmuseumdallas.org,Dallas,Texas,75205,,,,,,
Museum of Biblical Art,biblicalarts.org,Dallas,Texas,75229,,,,,,
Museum of Geometric and MADI Art,geometricmadimuseum.org,Dallas,Texas,75206,,,,,,
 El Paso Museum of Art,epma.art,El Paso,Texas,79901,,,,,,
 Amon Carter Museum,cartermuseum.org,Fort Worth,Texas,76107,,,,,,
Kimbell Art Museum,kimbellart.org,Fort Worth,Texas,76107,,,,,,
Modern Art Museum of Fort Worth,themodern.org,Fort Worth,Texas,76107,,,,,,
Sid Richardson Museum,sidrichardsonmuseum.org,Fort Worth,Texas,76107,,,,,,
 ArtCar Museum,artcarmuseum.com,Houston,Texas,77007,,,,,,
Bayou Bend Collection and Gardens,mfah.org/visit/bayou-bend-collection-and-gardens,Houston,Texas,77007,,,,,,
Blaffer Art Museum,blafferartmuseum.org,Houston,Texas,77204,,,,,,
Lawndale Art Center,lawndaleartcenter.org,Houston,Texas,77006,,,,,,
"Museum of Fine Arts, Houston",mfah.org,Houston,Texas,77005,,,,,,
Menil Collection,menil.org,Houston,Texas,77006,,,,,,
Rothko Chapel,rothkochapel.org,Houston,Texas,77005,,,,,,
Station Museum of Contemporary Art,stationmuseum.com,Houston,Texas,77002,,,,,,
 Irving Arts Center,cityofirving.org/101/Arts-Culture,Irving,Texas,75062,,,,,,
 Museum of Western Art,museumofwesternart.com,Kerrville,Texas,78025,,,,,,
 Chinati Foundation,chinati.org,Marfa,Texas,79830,,,,,,
 International Museum of Art & Science,theimasonline.org,McAllen,Texas,78501,,,,,,
 Stark Museum of Art,starkculturalvenues.org,Orange,Texas,77630,,,,,,
 Artpace,artpace.org,San Antonio,Texas,78205,,,,,,
Blue Star Contemporary Art Center,bluestarart.org,San Antonio,Texas,78204,,,,,,
McNay Art Museum,mcnayart.org,San Antonio,Texas,78209,,,,,,
San Antonio Museum of Art,samuseum.org,San Antonio,Texas,78215,,,,,,
 Tyler Museum of Art,tylermuseum.org,Tyler,Texas,75701,,,,,,
 Brigham City Museum of Art & History,brighamcitymuseum.org,Brigham City,Utah,84302,,,,,,
 Utah Museum of Contemporary Art,utahmoca.org,Salt Lake City,Utah,84101,,,,,,
 Robert Hull Fleming Museum,flemingmuseum.org,Burlington,Vermont,05405,,,,,,
 Middlebury College Museum of Art,museum.middlebury.edu,Middlebury,Vermont,05753,,,,,,
 Shelburne Museum,shelburnemuseum.org,Shelburne,Vermont,05482,,,,,,
 Fralin Museum of Art,uvafralinartmuseum.virginia.edu,Charlottesville,Virginia,22903,,,,,,
 Chrysler Museum of Art,chrysler.org,Norfolk,Virginia,23510,,,,,,
 Virginia Museum of Fine Arts,vmfa.museum,Richmond,Virginia,23220,,,,,,
 Taubman Museum of Art,taubmanmuseum.org,Roanoke,Virginia,24011,,,,,,
 Abby Aldrich Rockefeller Folk Art Museum,colonialwilliamsburg.org/art-museums/rockefeller-museum,Williamsburg,Virginia,23185,,,,,,
 Seattle Art Museum,seattleartmuseum.org,Seattle,Washington,98101,,,,,,
Seattle Asian Art Museum,seattleartmuseum.org/visit/asian-art-museum,Seattle,Washington,98112,,,,,,
Frye Art Museum,fryemuseum.org,Seattle,Washington,98112,,,,,,
Maryhill Museum of Art,maryhillmuseum.org,Maryhill,Washington,98620,,,,,,
 National Gallery of Art,nga.gov,Washington,District of Columbia,20565,,,,,,
Hirshhorn Museum and Sculpture Garden,hirshhorn.si.edu,Washington,District of Columbia,20560,,,,,,
National Museum of Women in the Arts,nmwa.org,Washington,District of Columbia,20005,,,,,,
Phillips Collection,phillipscollection.org,Washington,District of Columbia,20008,,,,,,
Dumbarton Oaks,doaks.org,Washington,District of Columbia,20007,,,,,,
Smithsonian American Art Museum,americanart.si.edu,Washington,District of Columbia,20001,,,,,,
National Portrait Gallery,npg.si.edu,Washington,District of Columbia,20001,,,,,,
Kreeger Museum,kreegermuseum.org,Washington,District of Columbia,20008,,,,,,
Freer Gallery of Art,asia.si.edu/freer-gallery-of-art,Washington,District of Columbia,20560,,,,,,
National Museum of Asian Art,asia.si.edu,Washington,District of Columbia,20560,,,,,,
 Huntington Museum of Art,hmoa.org,Huntington,West Virginia,25701,,,,,,
 Chazen Museum of Art,chazen.wisc.edu,Madison,Wisconsin,53706,,,,,,
Madison Museum of Contemporary Art,mmoca.org,Madison,Wisconsin,53703,,,,,,
 Grohmann Museum,msoe.edu/grohmann-museum,Milwaukee,Wisconsin,53201,,,,,,
Patrick and Beatrice Haggerty Museum of Art,marquette.edu/haggerty,Milwaukee,Wisconsin,53211,,,,,,
Milwaukee Art Museum,mam.org,Milwaukee,Wisconsin,53202,,,,,,
Villa Terrace Decorative Arts Museum,villaterrace.org,Milwaukee,Wisconsin,53211,,,,,,
 Museum of Wisconsin Art,wisconsinart.org,West Bend,Wisconsin,53095,,,,,,
 National Museum of Wildlife Art,wildlifeart.org,Jackson Hole,Wyoming,83001,,,,,,
 The Brinton Museum,thebrintonmuseum.org,Sheridan County,Wyoming,82831,,,,,,
